{
  "project_info": {
    "project_number": "425293136298",
    "project_id": "aquari-439f7",
    "storage_bucket": "aquari-439f7.appspot.com"
  },
  "client": [
    {
      "client_info": {
        "mobilesdk_app_id": "1:425293136298:android:ea9ffc0f535472039e2bd3",
        "android_client_info": {
          "package_name": "com.example.coen390_aquri_aquarium"
        }
      },
      "oauth_client": [
        {
          "client_id": "425293136298-hj0dr9umv240hlqk4s8u3s00b4c59utg.apps.googleusercontent.com",
          "client_type": 3
        }
      ],
      "api_key": [
        {
          "current_key": "AIzaSyDbZc3u47NeAoJVT6sIvf5BX9755V3gFHk"
        }
      ],
      "services": {
        "appinvite_service": {
          "other_platform_oauth_client": [
            {
              "client_id": "425293136298-hj0dr9umv240hlqk4s8u3s00b4c59utg.apps.googleusercontent.com",
              "client_type": 3
            }
          ]
        }
      }
    }
  ],
  "configuration_version": "1"
}